﻿<?xml version="1.0" encoding="utf-8"?>
<NinjaTrader>
  <NTTabPage>
    <InstrumentLink>Red</InstrumentLink>
    <IntervalLink>0</IntervalLink>
    <ChartTraderVisibility>VisibleCollapsed</ChartTraderVisibility>
    <SeriesCount>1</SeriesCount>
    <DataSeries>
      <BarsProperties>
        <BarsProperties xmlns:xsd="http://www.w3.org/2001/XMLSchema" xmlns:xsi="http://www.w3.org/2001/XMLSchema-instance">
          <BarsPeriod>
            <BarsPeriodTypeSerialize>5</BarsPeriodTypeSerialize>
            <BaseBarsPeriodType>Minute</BaseBarsPeriodType>
            <BaseBarsPeriodValue>1</BaseBarsPeriodValue>
            <VolumetricDeltaType>BidAsk</VolumetricDeltaType>
            <MarketDataType>Last</MarketDataType>
            <PointAndFigurePriceType>Close</PointAndFigurePriceType>
            <ReversalType>Tick</ReversalType>
            <Value>1</Value>
            <Value2>1</Value2>
          </BarsPeriod>
          <RangeType>Days</RangeType>
          <BarsBack>50</BarsBack>
          <DaysBack>1800</DaysBack>
          <From>2018-07-21T00:00:00</From>
          <IsStableSession>true</IsStableSession>
          <To>2099-12-01T00:00:00</To>
          <TradingHoursSerializable />
          <AutoScale>true</AutoScale>
          <CenterPriceOnScale>false</CenterPriceOnScale>
          <DisplayInDataBox>true</DisplayInDataBox>
          <Label>MNQ 12-23</Label>
          <MaxSerialized>-1.7976931348623157E+308</MaxSerialized>
          <MinSerialized>1.7976931348623157E+308</MinSerialized>
          <Panel>0</Panel>
          <PriceMarker>
            <BackgroundSerialize>DEFAULT</BackgroundSerialize>
            <IsVisible>true</IsVisible>
          </PriceMarker>
          <ShowGlobalDrawObjects>true</ShowGlobalDrawObjects>
          <ScaleJustification>Right</ScaleJustification>
          <TradingHoursVisibility>AllSessions</TradingHoursVisibility>
          <TradingHoursBreakPenSerialize>&lt;Pen Brush="#FFFF00FF" Thickness="1" xmlns="http://schemas.microsoft.com/winfx/2006/xaml/presentation"&gt;
  &lt;Pen.DashStyle&gt;
    &lt;DashStyle Offset="1" Dashes="2 2" /&gt;
  &lt;/Pen.DashStyle&gt;
&lt;/Pen&gt;</TradingHoursBreakPenSerialize>
          <LongExecutionBrushSerialize>&lt;SolidColorBrush xmlns="http://schemas.microsoft.com/winfx/2006/xaml/presentation"&gt;#FF32CD32&lt;/SolidColorBrush&gt;</LongExecutionBrushSerialize>
          <PlotExecutions>DoNotPlot</PlotExecutions>
          <PositionPenLoserSerialize>DEFAULT</PositionPenLoserSerialize>
          <PositionPenWinnerSerialize>DEFAULT</PositionPenWinnerSerialize>
          <ShortExecutionBrushSerialize>&lt;SolidColorBrush xmlns="http://schemas.microsoft.com/winfx/2006/xaml/presentation"&gt;#FFFF0000&lt;/SolidColorBrush&gt;</ShortExecutionBrushSerialize>
          <BarsSeriesId>45400944395c4018b2df0b2a6d5e4070</BarsSeriesId>
          <Id>3f425b904d7044c290ecad146c277855</Id>
          <Instrument>MNQ 12-23</Instrument>
          <IsLinked>true</IsLinked>
          <IsPrimarySeries>true</IsPrimarySeries>
          <ZOrder>33381</ZOrder>
        </BarsProperties>
        <ChartStyles>
          <ChartStyle>
            <CandleStyle>
              <CandleStyle xmlns:xsd="http://www.w3.org/2001/XMLSchema" xmlns:xsi="http://www.w3.org/2001/XMLSchema-instance">
                <IsVisible>true</IsVisible>
                <BarWidth>1.0093943391821989</BarWidth>
                <ChartStyleTypeSerialize>1</ChartStyleTypeSerialize>
                <DownBrushSerialize>DEFAULT</DownBrushSerialize>
                <UpBrushSerialize>DEFAULT</UpBrushSerialize>
                <StrokeSerialize>DEFAULT</StrokeSerialize>
                <Stroke2Serialize>&lt;Pen Brush="#FF2D2D2F" Thickness="1" xmlns="http://schemas.microsoft.com/winfx/2006/xaml/presentation"&gt;
  &lt;Pen.DashStyle&gt;
    &lt;DashStyle /&gt;
  &lt;/Pen.DashStyle&gt;
&lt;/Pen&gt;</Stroke2Serialize>
              </CandleStyle>
            </CandleStyle>
          </ChartStyle>
        </ChartStyles>
      </BarsProperties>
    </DataSeries>
    <Indicators>
      <Indicator BarsIndex="0" Instrument="MNQ 12-23 Globex" Name="NinjaTrader.NinjaScript.Indicators.DrawingToolTile" Panel="-1" DisplayName="DrawingToolTile">
        <DrawingToolTile xmlns:xsd="http://www.w3.org/2001/XMLSchema" xmlns:xsi="http://www.w3.org/2001/XMLSchema-instance">
          <IsVisible>true</IsVisible>
          <AreLinesConfigurable>true</AreLinesConfigurable>
          <ArePlotsConfigurable>true</ArePlotsConfigurable>
          <BarsPeriodSerializable>
            <BarsPeriodTypeSerialize>5</BarsPeriodTypeSerialize>
            <BaseBarsPeriodType>Minute</BaseBarsPeriodType>
            <BaseBarsPeriodValue>1</BaseBarsPeriodValue>
            <VolumetricDeltaType>BidAsk</VolumetricDeltaType>
            <MarketDataType>Last</MarketDataType>
            <PointAndFigurePriceType>Close</PointAndFigurePriceType>
            <ReversalType>Tick</ReversalType>
            <Value>1</Value>
            <Value2>1</Value2>
          </BarsPeriodSerializable>
          <BarsToLoad>0</BarsToLoad>
          <DisplayInDataBox>false</DisplayInDataBox>
          <From>2018-12-31T00:00:00</From>
          <Panel>-1</Panel>
          <ScaleJustification>Right</ScaleJustification>
          <ShowTransparentPlotsInDataBox>false</ShowTransparentPlotsInDataBox>
          <To>2023-12-05T00:00:00</To>
          <Calculate>OnBarClose</Calculate>
          <Displacement>0</Displacement>
          <IsAutoScale>true</IsAutoScale>
          <IsDataSeriesRequired>true</IsDataSeriesRequired>
          <IsOverlay>true</IsOverlay>
          <Lines />
          <MaximumBarsLookBack>TwoHundredFiftySix</MaximumBarsLookBack>
          <Name />
          <Plots />
          <SelectedValueSeries>0</SelectedValueSeries>
          <InputPlot>0</InputPlot>
          <IsTradingHoursBreakLineVisible>true</IsTradingHoursBreakLineVisible>
          <DrawHorizontalGridLines>true</DrawHorizontalGridLines>
          <DrawVerticalGridLines>true</DrawVerticalGridLines>
          <DrawOnPricePanel>true</DrawOnPricePanel>
          <PaintPriceMarkers>false</PaintPriceMarkers>
          <ChartHashCodeDeserialized>0</ChartHashCodeDeserialized>
          <IndicatorId>55</IndicatorId>
          <InstrumentDeserialized>MNQ 12-23 Globex</InstrumentDeserialized>
          <MaxSerialized>0</MaxSerialized>
          <MinSerialized>0</MinSerialized>
          <ZOrder>1</ZOrder>
          <Top>25</Top>
          <Left>5</Left>
          <IsVisibleOnlyFocused>false</IsVisibleOnlyFocused>
          <SelectedTypes>
            <SelectedTypes>
              <NinjaTrader.NinjaScript.DrawingTools.Line Assembly="NinjaTrader.Custom" />
              <NinjaTrader.NinjaScript.DrawingTools.Ray Assembly="NinjaTrader.Custom" />
              <NinjaTrader.NinjaScript.DrawingTools.Rectangle Assembly="NinjaTrader.Custom" />
              <NinjaTrader.NinjaScript.DrawingTools.Text Assembly="NinjaTrader.Custom" />
              <NinjaTrader.NinjaScript.DrawingTools.VerticalLine Assembly="NinjaTrader.Custom" />
              <NinjaTrader.NinjaScript.DrawingTools.TrendChannel Assembly="NinjaTrader.Custom" />
              <NinjaTrader.NinjaScript.DrawingTools.OrderFlowVolumeProfile Assembly="NinjaTrader.Vendor" />
              <NinjaTrader.NinjaScript.DrawingTools.HorizontalRay Assembly="NinjaTrader.Custom" />
              <NinjaTrader.NinjaScript.DrawingTools.Ruler Assembly="NinjaTrader.Custom" />
              <NinjaTrader.NinjaScript.DrawingTools.ArrowLine Assembly="NinjaTrader.Custom" />
              <NinjaTrader.NinjaScript.DrawingTools.RiskReward Assembly="NinjaTrader.Custom" />
              <NinjaTrader.NinjaScript.DrawingTools.PathTool Assembly="NinjaTrader.Custom" />
              <NinjaTrader.NinjaScript.DrawingTools.Ellipse Assembly="NinjaTrader.Custom" />
            </SelectedTypes>
          </SelectedTypes>
          <NumberOfRows>15</NumberOfRows>
        </DrawingToolTile>
        <Input>
          <PriceType>Close</PriceType>
        </Input>
      </Indicator>
      <Indicator BarsIndex="0" Instrument="MNQ 12-23 Globex" Name="NinjaTrader.NinjaScript.Indicators.NetChangeDisplay" Panel="-1" DisplayName="NetChangeDisplay(TopRight,Percent)">
        <NetChangeDisplay xmlns:xsd="http://www.w3.org/2001/XMLSchema" xmlns:xsi="http://www.w3.org/2001/XMLSchema-instance">
          <IsVisible>true</IsVisible>
          <AreLinesConfigurable>true</AreLinesConfigurable>
          <ArePlotsConfigurable>true</ArePlotsConfigurable>
          <BarsPeriodSerializable>
            <BarsPeriodTypeSerialize>5</BarsPeriodTypeSerialize>
            <BaseBarsPeriodType>Minute</BaseBarsPeriodType>
            <BaseBarsPeriodValue>1</BaseBarsPeriodValue>
            <VolumetricDeltaType>BidAsk</VolumetricDeltaType>
            <MarketDataType>Last</MarketDataType>
            <PointAndFigurePriceType>Close</PointAndFigurePriceType>
            <ReversalType>Tick</ReversalType>
            <Value>1</Value>
            <Value2>1</Value2>
          </BarsPeriodSerializable>
          <BarsToLoad>0</BarsToLoad>
          <DisplayInDataBox>true</DisplayInDataBox>
          <From>2018-12-31T00:00:00</From>
          <Panel>-1</Panel>
          <ScaleJustification>Right</ScaleJustification>
          <ShowTransparentPlotsInDataBox>false</ShowTransparentPlotsInDataBox>
          <To>2023-12-05T00:00:00</To>
          <Calculate>OnPriceChange</Calculate>
          <Displacement>0</Displacement>
          <IsAutoScale>true</IsAutoScale>
          <IsDataSeriesRequired>true</IsDataSeriesRequired>
          <IsOverlay>true</IsOverlay>
          <Lines />
          <MaximumBarsLookBack>TwoHundredFiftySix</MaximumBarsLookBack>
          <Name />
          <Plots />
          <SelectedValueSeries>0</SelectedValueSeries>
          <InputPlot>0</InputPlot>
          <IsTradingHoursBreakLineVisible>true</IsTradingHoursBreakLineVisible>
          <DrawHorizontalGridLines>true</DrawHorizontalGridLines>
          <DrawVerticalGridLines>true</DrawVerticalGridLines>
          <DrawOnPricePanel>true</DrawOnPricePanel>
          <PaintPriceMarkers>true</PaintPriceMarkers>
          <ChartHashCodeDeserialized>0</ChartHashCodeDeserialized>
          <IndicatorId>58</IndicatorId>
          <InstrumentDeserialized>MNQ 12-23 Globex</InstrumentDeserialized>
          <MaxSerialized>0</MaxSerialized>
          <MinSerialized>0</MinSerialized>
          <ZOrder>30969</ZOrder>
          <Unit>Percent</Unit>
          <PositiveBrushSerialize>&lt;SolidColorBrush xmlns="http://schemas.microsoft.com/winfx/2006/xaml/presentation"&gt;#FF32CD32&lt;/SolidColorBrush&gt;</PositiveBrushSerialize>
          <NegativeBrushSerialize>&lt;SolidColorBrush xmlns="http://schemas.microsoft.com/winfx/2006/xaml/presentation"&gt;#FFFF0000&lt;/SolidColorBrush&gt;</NegativeBrushSerialize>
          <Location>TopRight</Location>
          <Font>
            <Bold>false</Bold>
            <FamilySerialize>Arial</FamilySerialize>
            <Italic>false</Italic>
            <Size>18</Size>
          </Font>
        </NetChangeDisplay>
        <Input>
          <PriceType>Close</PriceType>
        </Input>
      </Indicator>
      <Indicator BarsIndex="0" Instrument="MNQ 12-23 Globex" Name="NinjaTrader.NinjaScript.Indicators.AOM_Trading.aomMarketStrAndBBWaves" Panel="-1" DisplayName="aomMarketStrAndBBWaves(False,True,False,False,True,True,False,3)">
        <aomMarketStrAndBBWaves xmlns:xsd="http://www.w3.org/2001/XMLSchema" xmlns:xsi="http://www.w3.org/2001/XMLSchema-instance">
          <IsVisible>true</IsVisible>
          <AreLinesConfigurable>true</AreLinesConfigurable>
          <ArePlotsConfigurable>true</ArePlotsConfigurable>
          <BarsPeriodSerializable>
            <BarsPeriodTypeSerialize>5</BarsPeriodTypeSerialize>
            <BaseBarsPeriodType>Minute</BaseBarsPeriodType>
            <BaseBarsPeriodValue>1</BaseBarsPeriodValue>
            <VolumetricDeltaType>BidAsk</VolumetricDeltaType>
            <MarketDataType>Last</MarketDataType>
            <PointAndFigurePriceType>Close</PointAndFigurePriceType>
            <ReversalType>Tick</ReversalType>
            <Value>1</Value>
            <Value2>1</Value2>
          </BarsPeriodSerializable>
          <BarsToLoad>0</BarsToLoad>
          <DisplayInDataBox>true</DisplayInDataBox>
          <From>2018-12-31T00:00:00</From>
          <Panel>-1</Panel>
          <ScaleJustification>Right</ScaleJustification>
          <ShowTransparentPlotsInDataBox>false</ShowTransparentPlotsInDataBox>
          <To>2023-12-05T00:00:00</To>
          <Calculate>OnBarClose</Calculate>
          <Displacement>0</Displacement>
          <IsAutoScale>true</IsAutoScale>
          <IsDataSeriesRequired>true</IsDataSeriesRequired>
          <IsOverlay>true</IsOverlay>
          <Lines />
          <MaximumBarsLookBack>TwoHundredFiftySix</MaximumBarsLookBack>
          <Name />
          <Plots />
          <SelectedValueSeries>0</SelectedValueSeries>
          <InputPlot>0</InputPlot>
          <IsTradingHoursBreakLineVisible>true</IsTradingHoursBreakLineVisible>
          <DrawHorizontalGridLines>true</DrawHorizontalGridLines>
          <DrawVerticalGridLines>true</DrawVerticalGridLines>
          <DrawOnPricePanel>true</DrawOnPricePanel>
          <PaintPriceMarkers>true</PaintPriceMarkers>
          <ChartHashCodeDeserialized>0</ChartHashCodeDeserialized>
          <IndicatorId>61</IndicatorId>
          <InstrumentDeserialized>MNQ 12-23 Globex</InstrumentDeserialized>
          <MaxSerialized>0</MaxSerialized>
          <MinSerialized>0</MinSerialized>
          <ZOrder>32734</ZOrder>
          <iSwingStrength>3</iSwingStrength>
          <enBarCounting>false</enBarCounting>
          <enSwingCounting>false</enSwingCounting>
          <enSwingVisibility>true</enSwingVisibility>
          <enWaveVisibility>false</enWaveVisibility>
          <enSupportResistanceVisibility>false</enSupportResistanceVisibility>
          <enTouchedLine>true</enTouchedLine>
          <enBrokenLine>true</enBrokenLine>
        </aomMarketStrAndBBWaves>
        <Input>
          <PriceType>Close</PriceType>
        </Input>
      </Indicator>
      <Indicator BarsIndex="0" Instrument="MNQ 12-23 Globex" Name="NinjaTrader.NinjaScript.Indicators.AOM_Trading.aomSDZones" Panel="-1" DisplayName="aomSDZones(#FF000000,2,True,True,False,True,False,True,False,False,True,False,True,True,True,True,True,True,True,False,False,False,50,50,CANDLE,3,Zone Touched.wav,#FF000000,Zone Touched.wav,#FF000000,False)">
        <aomSDZones xmlns:xsd="http://www.w3.org/2001/XMLSchema" xmlns:xsi="http://www.w3.org/2001/XMLSchema-instance">
          <IsVisible>true</IsVisible>
          <AreLinesConfigurable>true</AreLinesConfigurable>
          <ArePlotsConfigurable>true</ArePlotsConfigurable>
          <BarsPeriodSerializable>
            <BarsPeriodTypeSerialize>5</BarsPeriodTypeSerialize>
            <BaseBarsPeriodType>Minute</BaseBarsPeriodType>
            <BaseBarsPeriodValue>1</BaseBarsPeriodValue>
            <VolumetricDeltaType>BidAsk</VolumetricDeltaType>
            <MarketDataType>Last</MarketDataType>
            <PointAndFigurePriceType>Close</PointAndFigurePriceType>
            <ReversalType>Tick</ReversalType>
            <Value>1</Value>
            <Value2>1</Value2>
          </BarsPeriodSerializable>
          <BarsToLoad>0</BarsToLoad>
          <DisplayInDataBox>true</DisplayInDataBox>
          <From>2018-12-31T00:00:00</From>
          <Panel>-1</Panel>
          <ScaleJustification>Right</ScaleJustification>
          <ShowTransparentPlotsInDataBox>false</ShowTransparentPlotsInDataBox>
          <To>2023-12-05T00:00:00</To>
          <Calculate>OnBarClose</Calculate>
          <Displacement>0</Displacement>
          <IsAutoScale>false</IsAutoScale>
          <IsDataSeriesRequired>true</IsDataSeriesRequired>
          <IsOverlay>true</IsOverlay>
          <Lines />
          <MaximumBarsLookBack>TwoHundredFiftySix</MaximumBarsLookBack>
          <Name />
          <Plots />
          <SelectedValueSeries>0</SelectedValueSeries>
          <InputPlot>0</InputPlot>
          <IsTradingHoursBreakLineVisible>true</IsTradingHoursBreakLineVisible>
          <DrawHorizontalGridLines>true</DrawHorizontalGridLines>
          <DrawVerticalGridLines>true</DrawVerticalGridLines>
          <DrawOnPricePanel>true</DrawOnPricePanel>
          <PaintPriceMarkers>true</PaintPriceMarkers>
          <ChartHashCodeDeserialized>0</ChartHashCodeDeserialized>
          <IndicatorId>64</IndicatorId>
          <InstrumentDeserialized>MNQ 12-23 Globex</InstrumentDeserialized>
          <MaxSerialized>0</MaxSerialized>
          <MinSerialized>0</MinSerialized>
          <ZOrder>32530</ZOrder>
          <CDZStart>2023-12-05T09:45:36.1941796-08:00</CDZStart>
          <CSZStart>2023-12-05T09:45:36.1941796-08:00</CSZStart>
          <CDZType>Aggressive</CDZType>
          <CSZType>Aggressive</CSZType>
          <DL>0</DL>
          <DH>0</DH>
          <SL>0</SL>
          <SH>0</SH>
          <DST>0001-01-01T00:00:00</DST>
          <SST>0001-01-01T00:00:00</SST>
          <ODL>0</ODL>
          <ODH>0</ODH>
          <OSL>0</OSL>
          <OSH>0</OSH>
          <ODST>0001-01-01T00:00:00</ODST>
          <OSST>0001-01-01T00:00:00</OSST>
          <Signal0>0</Signal0>
          <Trigger0>0</Trigger0>
          <ltTrendStrength>3</ltTrendStrength>
          <iZoneWidth>CANDLE</iZoneWidth>
          <enAdjRC>true</enAdjRC>
          <enAdjCZ>true</enAdjCZ>
          <enAdjAZ>true</enAdjAZ>
          <enAdjStructOut>false</enAdjStructOut>
          <enAdjDebug>false</enAdjDebug>
          <enFreshDemandZones>true</enFreshDemandZones>
          <enTouchedDemandZones>false</enTouchedDemandZones>
          <enBrokenDemandZones>false</enBrokenDemandZones>
          <enHighlightSelectedDemandZone>true</enHighlightSelectedDemandZone>
          <enGlobalDZ>true</enGlobalDZ>
          <SelectedDZColorSerialize>&lt;SolidColorBrush xmlns="http://schemas.microsoft.com/winfx/2006/xaml/presentation"&gt;#FF000000&lt;/SolidColorBrush&gt;</SelectedDZColorSerialize>
          <iSelectedDZOpacity>50</iSelectedDZOpacity>
          <enFreshSupplyZones>true</enFreshSupplyZones>
          <enTouchedSupplyZones>false</enTouchedSupplyZones>
          <enBrokenSupplyZones>false</enBrokenSupplyZones>
          <enHighlightSelectedSupplyZone>true</enHighlightSelectedSupplyZone>
          <enGlobalSZ>true</enGlobalSZ>
          <SelectedSZColorSerialize>&lt;SolidColorBrush xmlns="http://schemas.microsoft.com/winfx/2006/xaml/presentation"&gt;#FF000000&lt;/SolidColorBrush&gt;</SelectedSZColorSerialize>
          <iSelectedSZOpacity>50</iSelectedSZOpacity>
          <enAgressiveZones>true</enAgressiveZones>
          <enConservativeZones>true</enConservativeZones>
          <enCurrent>NONE</enCurrent>
          <enGlobalCurrent>false</enGlobalCurrent>
          <CurrentBorderColorSerialize>&lt;SolidColorBrush xmlns="http://schemas.microsoft.com/winfx/2006/xaml/presentation"&gt;#FF000000&lt;/SolidColorBrush&gt;</CurrentBorderColorSerialize>
          <SoundAlertsOn>false</SoundAlertsOn>
          <SelectedDemandZoneTouched>Zone Touched.wav</SelectedDemandZoneTouched>
          <SelectedSupplyZoneTouched>Zone Touched.wav</SelectedSupplyZoneTouched>
          <enStockScanner>false</enStockScanner>
          <enDebug>false</enDebug>
          <enNotify>true</enNotify>
          <dblMinRR>2</dblMinRR>
        </aomSDZones>
        <Input>
          <PriceType>Close</PriceType>
        </Input>
      </Indicator>
    </Indicators>
    <CrosshairType>Local</CrosshairType>
    <StayInDrawMode>False</StayInDrawMode>
    <Properties>
      <ChartControlProperties xmlns:xsd="http://www.w3.org/2001/XMLSchema" xmlns:xsi="http://www.w3.org/2001/XMLSchema-instance">
        <AlwaysOnTop>false</AlwaysOnTop>
        <AreTabsVisible>true</AreTabsVisible>
        <AllowSelectionDragging>true</AllowSelectionDragging>
        <EquidistantBarSpacing>true</EquidistantBarSpacing>
        <LabelFont>
          <Bold>false</Bold>
          <FamilySerialize>Arial</FamilySerialize>
          <Italic>false</Italic>
          <Size>11</Size>
        </LabelFont>
        <BarDistance>11.2008715</BarDistance>
        <BarMarginRightUser>8</BarMarginRightUser>
        <ChartTraderVisibility>VisibleCollapsed</ChartTraderVisibility>
        <ShowDateRange>true</ShowDateRange>
        <ShowScrollBar>true</ShowScrollBar>
        <SnapMode>Bar</SnapMode>
        <TabName>@INSTRUMENT_FULL @PERIOD_ALL@BTF-H</TabName>
        <LoadBackgroundImage>false</LoadBackgroundImage>
        <BackgroundImageStretch>Fill</BackgroundImageStretch>
        <ChartBackgroundSerialize>&lt;SolidColorBrush xmlns="http://schemas.microsoft.com/winfx/2006/xaml/presentation"&gt;#FFF5F5F5&lt;/SolidColorBrush&gt;</ChartBackgroundSerialize>
        <ChartTextSerialize>DEFAULT</ChartTextSerialize>
        <CrosshairLabelBackgroundSerialize>&lt;SolidColorBrush xmlns="http://schemas.microsoft.com/winfx/2006/xaml/presentation"&gt;#FF0000FF&lt;/SolidColorBrush&gt;</CrosshairLabelBackgroundSerialize>
        <InactivePriceMarkersBrushSerialize>DEFAULT</InactivePriceMarkersBrushSerialize>
        <AreHGridLinesVisible>false</AreHGridLinesVisible>
        <AreVGridLinesVisible>false</AreVGridLinesVisible>
        <AxisPenSerialize>DEFAULT</AxisPenSerialize>
        <CrosshairPen>&lt;Pen Brush="#FF0000FF" Thickness="2" xmlns="http://schemas.microsoft.com/winfx/2006/xaml/presentation"&gt;
  &lt;Pen.DashStyle&gt;
    &lt;DashStyle Offset="1" Dashes="2 2" /&gt;
  &lt;/Pen.DashStyle&gt;
&lt;/Pen&gt;</CrosshairPen>
        <CrosshairIsLocked>false</CrosshairIsLocked>
        <CrosshairCrosshairType>Local</CrosshairCrosshairType>
        <CrosshairDrawCursorOnly>false</CrosshairDrawCursorOnly>
        <GridLineHPenSerialize>DEFAULT</GridLineHPenSerialize>
        <GridLineVPenSerialize>DEFAULT</GridLineVPenSerialize>
        <PanelSplitterPenSerialize>DEFAULT</PanelSplitterPenSerialize>
      </ChartControlProperties>
    </Properties>
    <ChartPanels>
      <ChartPanel>
        <Height>939</Height>
        <HoldChartTraderOrders>false</HoldChartTraderOrders>
        <IsMaximized>false</IsMaximized>
        <Right>
          <ChartScaleProperties xmlns:xsd="http://www.w3.org/2001/XMLSchema" xmlns:xsi="http://www.w3.org/2001/XMLSchema-instance">
            <YAxisRangeType>Fixed</YAxisRangeType>
            <AutoScaleDateRangeType>ScreenDateRange</AutoScaleDateRangeType>
            <HorizontalGridlinesCalculation>Automatic</HorizontalGridlinesCalculation>
            <HorizontalGridlinesIntervalType>Points</HorizontalGridlinesIntervalType>
            <HorizontalGridlinesInterval>0</HorizontalGridlinesInterval>
            <AutoScaleMarginType>Percent</AutoScaleMarginType>
            <AutoScaleMarginLower>6</AutoScaleMarginLower>
            <AutoScaleMarginUpper>6</AutoScaleMarginUpper>
            <YAxisScalingType>Linear</YAxisScalingType>
            <FixedScaleMaxSerialize>17040.999552715653</FixedScaleMaxSerialize>
            <FixedScaleMinSerialize>10818.000447284347</FixedScaleMinSerialize>
          </ChartScaleProperties>
        </Right>
        <Left>
          <ChartScaleProperties xmlns:xsd="http://www.w3.org/2001/XMLSchema" xmlns:xsi="http://www.w3.org/2001/XMLSchema-instance">
            <YAxisRangeType>Automatic</YAxisRangeType>
            <AutoScaleDateRangeType>ScreenDateRange</AutoScaleDateRangeType>
            <HorizontalGridlinesCalculation>Automatic</HorizontalGridlinesCalculation>
            <HorizontalGridlinesIntervalType>Points</HorizontalGridlinesIntervalType>
            <HorizontalGridlinesInterval>0</HorizontalGridlinesInterval>
            <AutoScaleMarginType>Percent</AutoScaleMarginType>
            <AutoScaleMarginLower>6</AutoScaleMarginLower>
            <AutoScaleMarginUpper>6</AutoScaleMarginUpper>
            <YAxisScalingType>Linear</YAxisScalingType>
            <FixedScaleMaxSerialize>12259.12635179153</FixedScaleMaxSerialize>
            <FixedScaleMinSerialize>12083.846351791532</FixedScaleMinSerialize>
          </ChartScaleProperties>
        </Left>
        <Overlay>
          <ChartScaleProperties xmlns:xsd="http://www.w3.org/2001/XMLSchema" xmlns:xsi="http://www.w3.org/2001/XMLSchema-instance">
            <YAxisRangeType>Automatic</YAxisRangeType>
            <AutoScaleDateRangeType>ScreenDateRange</AutoScaleDateRangeType>
            <HorizontalGridlinesCalculation>Automatic</HorizontalGridlinesCalculation>
            <HorizontalGridlinesIntervalType>Points</HorizontalGridlinesIntervalType>
            <HorizontalGridlinesInterval>0</HorizontalGridlinesInterval>
            <AutoScaleMarginType>Percent</AutoScaleMarginType>
            <AutoScaleMarginLower>6</AutoScaleMarginLower>
            <AutoScaleMarginUpper>6</AutoScaleMarginUpper>
            <YAxisScalingType>Linear</YAxisScalingType>
            <FixedScaleMaxSerialize>0</FixedScaleMaxSerialize>
            <FixedScaleMinSerialize>0</FixedScaleMinSerialize>
          </ChartScaleProperties>
        </Overlay>
      </ChartPanel>
    </ChartPanels>
    <ChartAlerts />
  </NTTabPage>
  <ChartTrader>
    <Properties>
      <ChartTraderProperties xmlns:xsd="http://www.w3.org/2001/XMLSchema" xmlns:xsi="http://www.w3.org/2001/XMLSchema-instance">
        <AtmStrategySelectionMode>SelectActiveAtmStrategyOnOrderSubmission</AtmStrategySelectionMode>
        <AutoScale>true</AutoScale>
        <OrderDisplayBarLength>25</OrderDisplayBarLength>
        <PnLDisplayUnit>Currency</PnLDisplayUnit>
        <QuantityModificationForStocks>IncreaseQuantity</QuantityModificationForStocks>
        <ScaleQuantity>0</ScaleQuantity>
        <ShowRealizedPnLWhenFlat>true</ShowRealizedPnLWhenFlat>
        <SimulatedOrderVolumeTrigger>0</SimulatedOrderVolumeTrigger>
        <StopLimitOffsetEnabled>false</StopLimitOffsetEnabled>
        <StopLimitOffsetValue>0</StopLimitOffsetValue>
        <ActionButtonsBackgroundSerialize>DEFAULT</ActionButtonsBackgroundSerialize>
        <BuyButtonsBackgroundSerialize>DEFAULT</BuyButtonsBackgroundSerialize>
        <SellButtonsBackgroundSerialize>DEFAULT</SellButtonsBackgroundSerialize>
        <LimitSerialize>&lt;Pen Brush="#FF00FFFF" Thickness="2" xmlns="http://schemas.microsoft.com/winfx/2006/xaml/presentation"&gt;
  &lt;Pen.DashStyle&gt;
    &lt;DashStyle /&gt;
  &lt;/Pen.DashStyle&gt;
&lt;/Pen&gt;</LimitSerialize>
        <MitSerialize>&lt;Pen Brush="#FF00FF7F" Thickness="2" xmlns="http://schemas.microsoft.com/winfx/2006/xaml/presentation"&gt;
  &lt;Pen.DashStyle&gt;
    &lt;DashStyle /&gt;
  &lt;/Pen.DashStyle&gt;
&lt;/Pen&gt;</MitSerialize>
        <PositionEntryPriceSerialize>&lt;Pen Brush="#FFDEB887" Thickness="2" xmlns="http://schemas.microsoft.com/winfx/2006/xaml/presentation"&gt;
  &lt;Pen.DashStyle&gt;
    &lt;DashStyle /&gt;
  &lt;/Pen.DashStyle&gt;
&lt;/Pen&gt;</PositionEntryPriceSerialize>
        <ProfitTargetSerialize>&lt;Pen Brush="#FF00FF00" Thickness="2" xmlns="http://schemas.microsoft.com/winfx/2006/xaml/presentation"&gt;
  &lt;Pen.DashStyle&gt;
    &lt;DashStyle /&gt;
  &lt;/Pen.DashStyle&gt;
&lt;/Pen&gt;</ProfitTargetSerialize>
        <StopLimitSerialize>&lt;Pen Brush="#FFEE82EE" Thickness="2" xmlns="http://schemas.microsoft.com/winfx/2006/xaml/presentation"&gt;
  &lt;Pen.DashStyle&gt;
    &lt;DashStyle /&gt;
  &lt;/Pen.DashStyle&gt;
&lt;/Pen&gt;</StopLimitSerialize>
        <StopLossSerialize>&lt;Pen Brush="#FFFF0000" Thickness="2" xmlns="http://schemas.microsoft.com/winfx/2006/xaml/presentation"&gt;
  &lt;Pen.DashStyle&gt;
    &lt;DashStyle /&gt;
  &lt;/Pen.DashStyle&gt;
&lt;/Pen&gt;</StopLossSerialize>
        <StopMarketSerialize>&lt;Pen Brush="#FFFFC0CB" Thickness="2" xmlns="http://schemas.microsoft.com/winfx/2006/xaml/presentation"&gt;
  &lt;Pen.DashStyle&gt;
    &lt;DashStyle /&gt;
  &lt;/Pen.DashStyle&gt;
&lt;/Pen&gt;</StopMarketSerialize>
      </ChartTraderProperties>
    </Properties>
    <Account>Sim101</Account>
    <ATM>MNQ_5_80</ATM>
    <Instrument>MNQ 12-23</Instrument>
    <Quantity>5</Quantity>
    <TIF>Gtc</TIF>
  </ChartTrader>
</NinjaTrader>