﻿<?xml version="1.0" encoding="utf-8"?>
<NinjaTrader>
  <NTTabPage>
    <InstrumentLink>Red</InstrumentLink>
    <IntervalLink>0</IntervalLink>
    <ChartTraderVisibility>Visible</ChartTraderVisibility>
    <SeriesCount>1</SeriesCount>
    <DataSeries>
      <BarsProperties>
        <BarsProperties xmlns:xsd="http://www.w3.org/2001/XMLSchema" xmlns:xsi="http://www.w3.org/2001/XMLSchema-instance">
          <BarsPeriod>
            <BarsPeriodTypeSerialize>12345</BarsPeriodTypeSerialize>
            <BaseBarsPeriodType>Minute</BaseBarsPeriodType>
            <BaseBarsPeriodValue>1</BaseBarsPeriodValue>
            <VolumetricDeltaType>BidAsk</VolumetricDeltaType>
            <MarketDataType>Last</MarketDataType>
            <PointAndFigurePriceType>Close</PointAndFigurePriceType>
            <ReversalType>Tick</ReversalType>
            <Value>13</Value>
            <Value2>2</Value2>
          </BarsPeriod>
          <RangeType>Days</RangeType>
          <BarsBack>50</BarsBack>
          <DaysBack>2</DaysBack>
          <From>2020-10-30T00:00:00</From>
          <IsStableSession>false</IsStableSession>
          <To>2099-12-01T00:00:00</To>
          <TradingHoursSerializable />
          <AutoScale>true</AutoScale>
          <CenterPriceOnScale>false</CenterPriceOnScale>
          <DisplayInDataBox>true</DisplayInDataBox>
          <Label>MNQ 12-23</Label>
          <MaxSerialized>15902.75</MaxSerialized>
          <MinSerialized>15861.096193415638</MinSerialized>
          <Panel>0</Panel>
          <PriceMarker>
            <BackgroundSerialize>DEFAULT</BackgroundSerialize>
            <IsVisible>true</IsVisible>
          </PriceMarker>
          <ShowGlobalDrawObjects>true</ShowGlobalDrawObjects>
          <ScaleJustification>Right</ScaleJustification>
          <TradingHoursVisibility>AllSessions</TradingHoursVisibility>
          <TradingHoursBreakPenSerialize>&lt;Pen Brush="#FFFF00FF" Thickness="1" xmlns="http://schemas.microsoft.com/winfx/2006/xaml/presentation"&gt;
  &lt;Pen.DashStyle&gt;
    &lt;DashStyle Offset="1" Dashes="2 2" /&gt;
  &lt;/Pen.DashStyle&gt;
&lt;/Pen&gt;</TradingHoursBreakPenSerialize>
          <LongExecutionBrushSerialize>&lt;SolidColorBrush xmlns="http://schemas.microsoft.com/winfx/2006/xaml/presentation"&gt;#FF32CD32&lt;/SolidColorBrush&gt;</LongExecutionBrushSerialize>
          <PlotExecutions>TextAndMarker</PlotExecutions>
          <PositionPenLoserSerialize>DEFAULT</PositionPenLoserSerialize>
          <PositionPenWinnerSerialize>DEFAULT</PositionPenWinnerSerialize>
          <ShortExecutionBrushSerialize>&lt;SolidColorBrush xmlns="http://schemas.microsoft.com/winfx/2006/xaml/presentation"&gt;#FFFF0000&lt;/SolidColorBrush&gt;</ShortExecutionBrushSerialize>
          <BarsSeriesId>9800218a1fb647148e8107b12a0e2e8b</BarsSeriesId>
          <Id>eb620932edd7457abfc7ac2174eba2e6</Id>
          <Instrument>MNQ 12-23</Instrument>
          <IsLinked>true</IsLinked>
          <IsPrimarySeries>true</IsPrimarySeries>
          <ZOrder>32124</ZOrder>
        </BarsProperties>
        <ChartStyles>
          <ChartStyle>
            <CandleStyle>
              <CandleStyle xmlns:xsd="http://www.w3.org/2001/XMLSchema" xmlns:xsi="http://www.w3.org/2001/XMLSchema-instance">
                <IsVisible>true</IsVisible>
                <BarWidth>0.1962398186121575</BarWidth>
                <ChartStyleTypeSerialize>1</ChartStyleTypeSerialize>
                <DownBrushSerialize>DEFAULT</DownBrushSerialize>
                <UpBrushSerialize>DEFAULT</UpBrushSerialize>
                <StrokeSerialize>DEFAULT</StrokeSerialize>
                <Stroke2Serialize>&lt;Pen Brush="#FF2D2D2F" Thickness="1" xmlns="http://schemas.microsoft.com/winfx/2006/xaml/presentation"&gt;
  &lt;Pen.DashStyle&gt;
    &lt;DashStyle /&gt;
  &lt;/Pen.DashStyle&gt;
&lt;/Pen&gt;</Stroke2Serialize>
              </CandleStyle>
            </CandleStyle>
          </ChartStyle>
        </ChartStyles>
      </BarsProperties>
    </DataSeries>
    <Indicators>
      <Indicator BarsIndex="0" Instrument="MNQ 12-23 Globex" Name="NinjaTrader.NinjaScript.Indicators.DrawingToolTile" Panel="-1" DisplayName="DrawingToolTile">
        <DrawingToolTile xmlns:xsd="http://www.w3.org/2001/XMLSchema" xmlns:xsi="http://www.w3.org/2001/XMLSchema-instance">
          <IsVisible>true</IsVisible>
          <AreLinesConfigurable>true</AreLinesConfigurable>
          <ArePlotsConfigurable>true</ArePlotsConfigurable>
          <BarsPeriodSerializable>
            <BarsPeriodTypeSerialize>12345</BarsPeriodTypeSerialize>
            <BaseBarsPeriodType>Minute</BaseBarsPeriodType>
            <BaseBarsPeriodValue>1</BaseBarsPeriodValue>
            <VolumetricDeltaType>BidAsk</VolumetricDeltaType>
            <MarketDataType>Last</MarketDataType>
            <PointAndFigurePriceType>Close</PointAndFigurePriceType>
            <ReversalType>Tick</ReversalType>
            <Value>13</Value>
            <Value2>2</Value2>
          </BarsPeriodSerializable>
          <BarsToLoad>0</BarsToLoad>
          <DisplayInDataBox>false</DisplayInDataBox>
          <From>2023-12-03T00:00:00</From>
          <Panel>-1</Panel>
          <ScaleJustification>Right</ScaleJustification>
          <ShowTransparentPlotsInDataBox>false</ShowTransparentPlotsInDataBox>
          <To>2023-12-05T00:00:00</To>
          <Calculate>OnBarClose</Calculate>
          <Displacement>0</Displacement>
          <IsAutoScale>true</IsAutoScale>
          <IsDataSeriesRequired>true</IsDataSeriesRequired>
          <IsOverlay>true</IsOverlay>
          <Lines />
          <MaximumBarsLookBack>TwoHundredFiftySix</MaximumBarsLookBack>
          <Name />
          <Plots />
          <SelectedValueSeries>0</SelectedValueSeries>
          <InputPlot>0</InputPlot>
          <IsTradingHoursBreakLineVisible>true</IsTradingHoursBreakLineVisible>
          <DrawHorizontalGridLines>true</DrawHorizontalGridLines>
          <DrawVerticalGridLines>true</DrawVerticalGridLines>
          <DrawOnPricePanel>true</DrawOnPricePanel>
          <PaintPriceMarkers>false</PaintPriceMarkers>
          <ChartHashCodeDeserialized>0</ChartHashCodeDeserialized>
          <IndicatorId>97</IndicatorId>
          <InstrumentDeserialized>MNQ 12-23 Globex</InstrumentDeserialized>
          <MaxSerialized>0</MaxSerialized>
          <MinSerialized>0</MinSerialized>
          <ZOrder>30969</ZOrder>
          <Top>25</Top>
          <Left>5</Left>
          <IsVisibleOnlyFocused>false</IsVisibleOnlyFocused>
          <SelectedTypes>
            <SelectedTypes>
              <NinjaTrader.NinjaScript.DrawingTools.Line Assembly="NinjaTrader.Custom" />
              <NinjaTrader.NinjaScript.DrawingTools.Ray Assembly="NinjaTrader.Custom" />
              <NinjaTrader.NinjaScript.DrawingTools.Rectangle Assembly="NinjaTrader.Custom" />
              <NinjaTrader.NinjaScript.DrawingTools.Text Assembly="NinjaTrader.Custom" />
              <NinjaTrader.NinjaScript.DrawingTools.VerticalLine Assembly="NinjaTrader.Custom" />
              <NinjaTrader.NinjaScript.DrawingTools.TrendChannel Assembly="NinjaTrader.Custom" />
              <NinjaTrader.NinjaScript.DrawingTools.OrderFlowVolumeProfile Assembly="NinjaTrader.Vendor" />
              <NinjaTrader.NinjaScript.DrawingTools.HorizontalRay Assembly="NinjaTrader.Custom" />
              <NinjaTrader.NinjaScript.DrawingTools.Ruler Assembly="NinjaTrader.Custom" />
              <NinjaTrader.NinjaScript.DrawingTools.ArrowLine Assembly="NinjaTrader.Custom" />
              <NinjaTrader.NinjaScript.DrawingTools.RiskReward Assembly="NinjaTrader.Custom" />
              <NinjaTrader.NinjaScript.DrawingTools.PathTool Assembly="NinjaTrader.Custom" />
              <NinjaTrader.NinjaScript.DrawingTools.HorizontalLine Assembly="NinjaTrader.Custom" />
              <NinjaTrader.NinjaScript.DrawingTools.Ellipse Assembly="NinjaTrader.Custom" />
            </SelectedTypes>
          </SelectedTypes>
          <NumberOfRows>15</NumberOfRows>
        </DrawingToolTile>
        <Input>
          <PriceType>Close</PriceType>
        </Input>
      </Indicator>
      <Indicator BarsIndex="0" Instrument="MNQ 12-23 Globex" Name="NinjaTrader.NinjaScript.Indicators.OrderFlowVolumeProfile" Panel="0" DisplayName="OrderFlowVolumeProfile(True,WeeksBack,BidAsk,Standard,Letters,0,Sessions,1,Volume,Tick,6/14/2020 12:00:00 AM,1,&lt;Use data series settings&gt;,68)">
        <OrderFlowVolumeProfile xmlns:xsd="http://www.w3.org/2001/XMLSchema" xmlns:xsi="http://www.w3.org/2001/XMLSchema-instance">
          <IsVisible>true</IsVisible>
          <AreLinesConfigurable>true</AreLinesConfigurable>
          <ArePlotsConfigurable>false</ArePlotsConfigurable>
          <BarsPeriodSerializable>
            <BarsPeriodTypeSerialize>12345</BarsPeriodTypeSerialize>
            <BaseBarsPeriodType>Minute</BaseBarsPeriodType>
            <BaseBarsPeriodValue>1</BaseBarsPeriodValue>
            <VolumetricDeltaType>BidAsk</VolumetricDeltaType>
            <MarketDataType>Last</MarketDataType>
            <PointAndFigurePriceType>Close</PointAndFigurePriceType>
            <ReversalType>Tick</ReversalType>
            <Value>13</Value>
            <Value2>2</Value2>
          </BarsPeriodSerializable>
          <BarsToLoad>0</BarsToLoad>
          <DisplayInDataBox>false</DisplayInDataBox>
          <From>2023-12-03T00:00:00</From>
          <Panel>0</Panel>
          <ScaleJustification>Right</ScaleJustification>
          <ShowTransparentPlotsInDataBox>false</ShowTransparentPlotsInDataBox>
          <To>2023-12-05T00:00:00</To>
          <Calculate>OnBarClose</Calculate>
          <Displacement>0</Displacement>
          <IsAutoScale>false</IsAutoScale>
          <IsDataSeriesRequired>true</IsDataSeriesRequired>
          <IsOverlay>true</IsOverlay>
          <Lines />
          <MaximumBarsLookBack>TwoHundredFiftySix</MaximumBarsLookBack>
          <Name />
          <Plots>
            <Plot>
              <IsOpacityVisible>false</IsOpacityVisible>
              <BrushSerialize>&lt;SolidColorBrush xmlns="http://schemas.microsoft.com/winfx/2006/xaml/presentation"&gt;#00FFFFFF&lt;/SolidColorBrush&gt;</BrushSerialize>
              <DashStyleHelper>Solid</DashStyleHelper>
              <Opacity>100</Opacity>
              <Width>3</Width>
              <AutoWidth>false</AutoWidth>
              <Max>1.7976931348623157E+308</Max>
              <Min>-1.7976931348623157E+308</Min>
              <Name>Developing Poc</Name>
              <PlotStyle>Line</PlotStyle>
            </Plot>
            <Plot>
              <IsOpacityVisible>false</IsOpacityVisible>
              <BrushSerialize>&lt;SolidColorBrush xmlns="http://schemas.microsoft.com/winfx/2006/xaml/presentation"&gt;#00FFFFFF&lt;/SolidColorBrush&gt;</BrushSerialize>
              <DashStyleHelper>Solid</DashStyleHelper>
              <Opacity>100</Opacity>
              <Width>1</Width>
              <AutoWidth>false</AutoWidth>
              <Max>1.7976931348623157E+308</Max>
              <Min>-1.7976931348623157E+308</Min>
              <Name>Developing VAH</Name>
              <PlotStyle>Line</PlotStyle>
            </Plot>
            <Plot>
              <IsOpacityVisible>false</IsOpacityVisible>
              <BrushSerialize>&lt;SolidColorBrush xmlns="http://schemas.microsoft.com/winfx/2006/xaml/presentation"&gt;#00FFFFFF&lt;/SolidColorBrush&gt;</BrushSerialize>
              <DashStyleHelper>Solid</DashStyleHelper>
              <Opacity>100</Opacity>
              <Width>1</Width>
              <AutoWidth>false</AutoWidth>
              <Max>1.7976931348623157E+308</Max>
              <Min>-1.7976931348623157E+308</Min>
              <Name>Developing VAL</Name>
              <PlotStyle>Line</PlotStyle>
            </Plot>
          </Plots>
          <SelectedValueSeries>0</SelectedValueSeries>
          <InputPlot>0</InputPlot>
          <IsTradingHoursBreakLineVisible>true</IsTradingHoursBreakLineVisible>
          <DrawHorizontalGridLines>true</DrawHorizontalGridLines>
          <DrawVerticalGridLines>true</DrawVerticalGridLines>
          <DrawOnPricePanel>true</DrawOnPricePanel>
          <PaintPriceMarkers>false</PaintPriceMarkers>
          <ChartHashCodeDeserialized>0</ChartHashCodeDeserialized>
          <IndicatorId>100</IndicatorId>
          <InstrumentDeserialized>MNQ 12-23 Globex</InstrumentDeserialized>
          <MaxSerialized>0</MaxSerialized>
          <MinSerialized>0</MinSerialized>
          <ZOrder>33153</ZOrder>
          <ProfileType>Volume</ProfileType>
          <DrawMode>Letters</DrawMode>
          <ColorByTime>true</ColorByTime>
          <DisplayMode>Standard</DisplayMode>
          <DeltaType>BidAsk</DeltaType>
          <ProfilePeriod>Sessions</ProfilePeriod>
          <TradingHoursSerializable />
          <ComposeBy>WeeksBack</ComposeBy>
          <ProfilePeriodValue>1</ProfilePeriodValue>
          <StartDate>2020-06-14T00:00:00</StartDate>
          <Resolution>Tick</Resolution>
          <ValueArea>68</ValueArea>
          <TicksPerLevel>1</TicksPerLevel>
          <InitialBalanceMinutes>0</InitialBalanceMinutes>
          <ProfileAlignment>Left</ProfileAlignment>
          <DisplayInMargin>false</DisplayInMargin>
          <ProfileWidthPct>60</ProfileWidthPct>
          <ProfileWidthPix>100</ProfileWidthPix>
          <ProfileOpacity>40</ProfileOpacity>
          <ShowPoc>true</ShowPoc>
          <ShowVa>true</ShowVa>
          <ValueAreaOpacity>80</ValueAreaOpacity>
          <ColorPocSerialize>&lt;SolidColorBrush xmlns="http://schemas.microsoft.com/winfx/2006/xaml/presentation"&gt;#FFDAA520&lt;/SolidColorBrush&gt;</ColorPocSerialize>
          <ColorBarOutlineSerialize>&lt;SolidColorBrush xmlns="http://schemas.microsoft.com/winfx/2006/xaml/presentation"&gt;#00FFFFFF&lt;/SolidColorBrush&gt;</ColorBarOutlineSerialize>
          <ColorAskSerialize>&lt;SolidColorBrush xmlns="http://schemas.microsoft.com/winfx/2006/xaml/presentation"&gt;#FF008B8B&lt;/SolidColorBrush&gt;</ColorAskSerialize>
          <ColorBidSerialize>&lt;SolidColorBrush xmlns="http://schemas.microsoft.com/winfx/2006/xaml/presentation"&gt;#FFDC143C&lt;/SolidColorBrush&gt;</ColorBidSerialize>
          <ColorHighHeatSerialize>&lt;SolidColorBrush xmlns="http://schemas.microsoft.com/winfx/2006/xaml/presentation"&gt;#FFFF0000&lt;/SolidColorBrush&gt;</ColorHighHeatSerialize>
          <ColorLowHeatSerialize>&lt;SolidColorBrush xmlns="http://schemas.microsoft.com/winfx/2006/xaml/presentation"&gt;#FFFFFF00&lt;/SolidColorBrush&gt;</ColorLowHeatSerialize>
          <HideBars>false</HideBars>
          <PocLine>
            <IsOpacityVisible>false</IsOpacityVisible>
            <BrushSerialize>&lt;SolidColorBrush xmlns="http://schemas.microsoft.com/winfx/2006/xaml/presentation"&gt;#FF000000&lt;/SolidColorBrush&gt;</BrushSerialize>
            <DashStyleHelper>Dot</DashStyleHelper>
            <Opacity>100</Opacity>
            <Width>5</Width>
            <IsVisible>true</IsVisible>
            <IsLabelVisible>false</IsLabelVisible>
          </PocLine>
          <VaLine>
            <IsOpacityVisible>false</IsOpacityVisible>
            <BrushSerialize>&lt;SolidColorBrush xmlns="http://schemas.microsoft.com/winfx/2006/xaml/presentation"&gt;#00FFFFFF&lt;/SolidColorBrush&gt;</BrushSerialize>
            <DashStyleHelper>Dash</DashStyleHelper>
            <Opacity>100</Opacity>
            <Width>3</Width>
            <IsVisible>true</IsVisible>
            <IsLabelVisible>false</IsLabelVisible>
          </VaLine>
          <RangeLine>
            <IsOpacityVisible>false</IsOpacityVisible>
            <BrushSerialize>&lt;SolidColorBrush xmlns="http://schemas.microsoft.com/winfx/2006/xaml/presentation"&gt;#FF808080&lt;/SolidColorBrush&gt;</BrushSerialize>
            <DashStyleHelper>Dash</DashStyleHelper>
            <Opacity>100</Opacity>
            <Width>1</Width>
            <IsVisible>false</IsVisible>
            <IsLabelVisible>false</IsLabelVisible>
          </RangeLine>
          <InitialPocLine>
            <IsOpacityVisible>false</IsOpacityVisible>
            <BrushSerialize>&lt;SolidColorBrush xmlns="http://schemas.microsoft.com/winfx/2006/xaml/presentation"&gt;#FFB8860B&lt;/SolidColorBrush&gt;</BrushSerialize>
            <DashStyleHelper>Dot</DashStyleHelper>
            <Opacity>100</Opacity>
            <Width>1</Width>
            <IsVisible>false</IsVisible>
            <IsLabelVisible>false</IsLabelVisible>
          </InitialPocLine>
          <InitialVaLine>
            <IsOpacityVisible>false</IsOpacityVisible>
            <BrushSerialize>&lt;SolidColorBrush xmlns="http://schemas.microsoft.com/winfx/2006/xaml/presentation"&gt;#FF8B0000&lt;/SolidColorBrush&gt;</BrushSerialize>
            <DashStyleHelper>Dot</DashStyleHelper>
            <Opacity>100</Opacity>
            <Width>1</Width>
            <IsVisible>false</IsVisible>
            <IsLabelVisible>false</IsLabelVisible>
          </InitialVaLine>
          <InitialRangeLine>
            <IsOpacityVisible>false</IsOpacityVisible>
            <BrushSerialize>&lt;SolidColorBrush xmlns="http://schemas.microsoft.com/winfx/2006/xaml/presentation"&gt;#FFA9A9A9&lt;/SolidColorBrush&gt;</BrushSerialize>
            <DashStyleHelper>Solid</DashStyleHelper>
            <Opacity>100</Opacity>
            <Width>1</Width>
            <IsVisible>false</IsVisible>
            <IsLabelVisible>false</IsLabelVisible>
          </InitialRangeLine>
          <DevelopingPocLine>
            <IsOpacityVisible>false</IsOpacityVisible>
            <BrushSerialize>&lt;SolidColorBrush xmlns="http://schemas.microsoft.com/winfx/2006/xaml/presentation"&gt;#FFB8860B&lt;/SolidColorBrush&gt;</BrushSerialize>
            <DashStyleHelper>Solid</DashStyleHelper>
            <Opacity>100</Opacity>
            <Width>3</Width>
            <IsVisible>false</IsVisible>
          </DevelopingPocLine>
          <DevelopingVaLine>
            <IsOpacityVisible>false</IsOpacityVisible>
            <BrushSerialize>&lt;SolidColorBrush xmlns="http://schemas.microsoft.com/winfx/2006/xaml/presentation"&gt;#FF8B0000&lt;/SolidColorBrush&gt;</BrushSerialize>
            <DashStyleHelper>Solid</DashStyleHelper>
            <Opacity>100</Opacity>
            <Width>1</Width>
            <IsVisible>false</IsVisible>
          </DevelopingVaLine>
          <ExtendedNakedPoc>
            <IsOpacityVisible>false</IsOpacityVisible>
            <BrushSerialize>&lt;SolidColorBrush xmlns="http://schemas.microsoft.com/winfx/2006/xaml/presentation"&gt;#FF1E90FF&lt;/SolidColorBrush&gt;</BrushSerialize>
            <DashStyleHelper>DashDotDot</DashStyleHelper>
            <Opacity>100</Opacity>
            <Width>3</Width>
            <IsVisible>true</IsVisible>
            <IsLabelVisible>false</IsLabelVisible>
          </ExtendedNakedPoc>
          <ExtendedNakedVa>
            <IsOpacityVisible>false</IsOpacityVisible>
            <BrushSerialize>&lt;SolidColorBrush xmlns="http://schemas.microsoft.com/winfx/2006/xaml/presentation"&gt;#FF6495ED&lt;/SolidColorBrush&gt;</BrushSerialize>
            <DashStyleHelper>Solid</DashStyleHelper>
            <Opacity>100</Opacity>
            <Width>1</Width>
            <IsVisible>false</IsVisible>
            <IsLabelVisible>false</IsLabelVisible>
          </ExtendedNakedVa>
          <LabelFont>
            <Bold>false</Bold>
            <FamilySerialize>Arial</FamilySerialize>
            <Italic>false</Italic>
            <Size>11</Size>
          </LabelFont>
          <ShowVolumeData>false</ShowVolumeData>
          <ShowProfileSummary>false</ShowProfileSummary>
          <SummaryDisplayUnit>Price</SummaryDisplayUnit>
          <ColorVolumeDataSerialize>&lt;SolidColorBrush xmlns="http://schemas.microsoft.com/winfx/2006/xaml/presentation"&gt;#FFA52A2A&lt;/SolidColorBrush&gt;</ColorVolumeDataSerialize>
          <ColorProfileSummarySerialize>&lt;SolidColorBrush xmlns="http://schemas.microsoft.com/winfx/2006/xaml/presentation"&gt;#FF006400&lt;/SolidColorBrush&gt;</ColorProfileSummarySerialize>
          <Tpo01>&lt;SolidColorBrush xmlns="http://schemas.microsoft.com/winfx/2006/xaml/presentation"&gt;#FF00CED1&lt;/SolidColorBrush&gt;</Tpo01>
          <Tpo02>&lt;SolidColorBrush xmlns="http://schemas.microsoft.com/winfx/2006/xaml/presentation"&gt;#FF00CED1&lt;/SolidColorBrush&gt;</Tpo02>
          <Tpo03>&lt;SolidColorBrush xmlns="http://schemas.microsoft.com/winfx/2006/xaml/presentation"&gt;#FF00CED1&lt;/SolidColorBrush&gt;</Tpo03>
          <Tpo04>&lt;SolidColorBrush xmlns="http://schemas.microsoft.com/winfx/2006/xaml/presentation"&gt;#FF00CED1&lt;/SolidColorBrush&gt;</Tpo04>
          <Tpo05>&lt;SolidColorBrush xmlns="http://schemas.microsoft.com/winfx/2006/xaml/presentation"&gt;#FFDAA520&lt;/SolidColorBrush&gt;</Tpo05>
          <Tpo06>&lt;SolidColorBrush xmlns="http://schemas.microsoft.com/winfx/2006/xaml/presentation"&gt;#FFDAA520&lt;/SolidColorBrush&gt;</Tpo06>
          <Tpo07>&lt;SolidColorBrush xmlns="http://schemas.microsoft.com/winfx/2006/xaml/presentation"&gt;#FFDAA520&lt;/SolidColorBrush&gt;</Tpo07>
          <Tpo08>&lt;SolidColorBrush xmlns="http://schemas.microsoft.com/winfx/2006/xaml/presentation"&gt;#FFDAA520&lt;/SolidColorBrush&gt;</Tpo08>
          <Tpo09>&lt;SolidColorBrush xmlns="http://schemas.microsoft.com/winfx/2006/xaml/presentation"&gt;#FF3CB371&lt;/SolidColorBrush&gt;</Tpo09>
          <Tpo10>&lt;SolidColorBrush xmlns="http://schemas.microsoft.com/winfx/2006/xaml/presentation"&gt;#FF3CB371&lt;/SolidColorBrush&gt;</Tpo10>
          <Tpo11>&lt;SolidColorBrush xmlns="http://schemas.microsoft.com/winfx/2006/xaml/presentation"&gt;#FF3CB371&lt;/SolidColorBrush&gt;</Tpo11>
          <Tpo12>&lt;SolidColorBrush xmlns="http://schemas.microsoft.com/winfx/2006/xaml/presentation"&gt;#FF3CB371&lt;/SolidColorBrush&gt;</Tpo12>
          <Tpo13>&lt;SolidColorBrush xmlns="http://schemas.microsoft.com/winfx/2006/xaml/presentation"&gt;#FF7CFC00&lt;/SolidColorBrush&gt;</Tpo13>
          <Tpo14>&lt;SolidColorBrush xmlns="http://schemas.microsoft.com/winfx/2006/xaml/presentation"&gt;#FF7CFC00&lt;/SolidColorBrush&gt;</Tpo14>
          <Tpo15>&lt;SolidColorBrush xmlns="http://schemas.microsoft.com/winfx/2006/xaml/presentation"&gt;#FF7CFC00&lt;/SolidColorBrush&gt;</Tpo15>
          <Tpo16>&lt;SolidColorBrush xmlns="http://schemas.microsoft.com/winfx/2006/xaml/presentation"&gt;#FF7CFC00&lt;/SolidColorBrush&gt;</Tpo16>
          <Tpo17>&lt;SolidColorBrush xmlns="http://schemas.microsoft.com/winfx/2006/xaml/presentation"&gt;#FFFF0000&lt;/SolidColorBrush&gt;</Tpo17>
          <Tpo18>&lt;SolidColorBrush xmlns="http://schemas.microsoft.com/winfx/2006/xaml/presentation"&gt;#FFFF0000&lt;/SolidColorBrush&gt;</Tpo18>
          <Tpo19>&lt;SolidColorBrush xmlns="http://schemas.microsoft.com/winfx/2006/xaml/presentation"&gt;#FFFF0000&lt;/SolidColorBrush&gt;</Tpo19>
          <Tpo20>&lt;SolidColorBrush xmlns="http://schemas.microsoft.com/winfx/2006/xaml/presentation"&gt;#FFFF0000&lt;/SolidColorBrush&gt;</Tpo20>
          <Tpo21>&lt;SolidColorBrush xmlns="http://schemas.microsoft.com/winfx/2006/xaml/presentation"&gt;#FF0000FF&lt;/SolidColorBrush&gt;</Tpo21>
          <Tpo22>&lt;SolidColorBrush xmlns="http://schemas.microsoft.com/winfx/2006/xaml/presentation"&gt;#FF0000FF&lt;/SolidColorBrush&gt;</Tpo22>
          <Tpo23>&lt;SolidColorBrush xmlns="http://schemas.microsoft.com/winfx/2006/xaml/presentation"&gt;#FF0000FF&lt;/SolidColorBrush&gt;</Tpo23>
          <Tpo24>&lt;SolidColorBrush xmlns="http://schemas.microsoft.com/winfx/2006/xaml/presentation"&gt;#FF0000FF&lt;/SolidColorBrush&gt;</Tpo24>
          <Tpo25>&lt;SolidColorBrush xmlns="http://schemas.microsoft.com/winfx/2006/xaml/presentation"&gt;#FFFF00FF&lt;/SolidColorBrush&gt;</Tpo25>
          <Tpo26>&lt;SolidColorBrush xmlns="http://schemas.microsoft.com/winfx/2006/xaml/presentation"&gt;#FFFF00FF&lt;/SolidColorBrush&gt;</Tpo26>
          <Tpo27>&lt;SolidColorBrush xmlns="http://schemas.microsoft.com/winfx/2006/xaml/presentation"&gt;#FFFF00FF&lt;/SolidColorBrush&gt;</Tpo27>
          <Tpo28>&lt;SolidColorBrush xmlns="http://schemas.microsoft.com/winfx/2006/xaml/presentation"&gt;#FFFF00FF&lt;/SolidColorBrush&gt;</Tpo28>
          <Tpo29>&lt;SolidColorBrush xmlns="http://schemas.microsoft.com/winfx/2006/xaml/presentation"&gt;#FFFF8C00&lt;/SolidColorBrush&gt;</Tpo29>
          <Tpo30>&lt;SolidColorBrush xmlns="http://schemas.microsoft.com/winfx/2006/xaml/presentation"&gt;#FFFF8C00&lt;/SolidColorBrush&gt;</Tpo30>
          <Tpo31>&lt;SolidColorBrush xmlns="http://schemas.microsoft.com/winfx/2006/xaml/presentation"&gt;#FFFF8C00&lt;/SolidColorBrush&gt;</Tpo31>
          <Tpo32>&lt;SolidColorBrush xmlns="http://schemas.microsoft.com/winfx/2006/xaml/presentation"&gt;#FFFF8C00&lt;/SolidColorBrush&gt;</Tpo32>
          <Tpo33>&lt;SolidColorBrush xmlns="http://schemas.microsoft.com/winfx/2006/xaml/presentation"&gt;#FF808080&lt;/SolidColorBrush&gt;</Tpo33>
          <Tpo34>&lt;SolidColorBrush xmlns="http://schemas.microsoft.com/winfx/2006/xaml/presentation"&gt;#FF808080&lt;/SolidColorBrush&gt;</Tpo34>
          <Tpo35>&lt;SolidColorBrush xmlns="http://schemas.microsoft.com/winfx/2006/xaml/presentation"&gt;#FF808080&lt;/SolidColorBrush&gt;</Tpo35>
          <Tpo36>&lt;SolidColorBrush xmlns="http://schemas.microsoft.com/winfx/2006/xaml/presentation"&gt;#FF808080&lt;/SolidColorBrush&gt;</Tpo36>
          <Tpo37>&lt;SolidColorBrush xmlns="http://schemas.microsoft.com/winfx/2006/xaml/presentation"&gt;#FFCD853F&lt;/SolidColorBrush&gt;</Tpo37>
          <Tpo38>&lt;SolidColorBrush xmlns="http://schemas.microsoft.com/winfx/2006/xaml/presentation"&gt;#FFCD853F&lt;/SolidColorBrush&gt;</Tpo38>
          <Tpo39>&lt;SolidColorBrush xmlns="http://schemas.microsoft.com/winfx/2006/xaml/presentation"&gt;#FFCD853F&lt;/SolidColorBrush&gt;</Tpo39>
          <Tpo40>&lt;SolidColorBrush xmlns="http://schemas.microsoft.com/winfx/2006/xaml/presentation"&gt;#FFCD853F&lt;/SolidColorBrush&gt;</Tpo40>
          <Tpo41>&lt;SolidColorBrush xmlns="http://schemas.microsoft.com/winfx/2006/xaml/presentation"&gt;#FF008080&lt;/SolidColorBrush&gt;</Tpo41>
          <Tpo42>&lt;SolidColorBrush xmlns="http://schemas.microsoft.com/winfx/2006/xaml/presentation"&gt;#FF008080&lt;/SolidColorBrush&gt;</Tpo42>
          <Tpo43>&lt;SolidColorBrush xmlns="http://schemas.microsoft.com/winfx/2006/xaml/presentation"&gt;#FF008080&lt;/SolidColorBrush&gt;</Tpo43>
          <Tpo44>&lt;SolidColorBrush xmlns="http://schemas.microsoft.com/winfx/2006/xaml/presentation"&gt;#FF008080&lt;/SolidColorBrush&gt;</Tpo44>
          <Tpo45>&lt;SolidColorBrush xmlns="http://schemas.microsoft.com/winfx/2006/xaml/presentation"&gt;#FF800000&lt;/SolidColorBrush&gt;</Tpo45>
          <Tpo46>&lt;SolidColorBrush xmlns="http://schemas.microsoft.com/winfx/2006/xaml/presentation"&gt;#FF800000&lt;/SolidColorBrush&gt;</Tpo46>
          <Tpo47>&lt;SolidColorBrush xmlns="http://schemas.microsoft.com/winfx/2006/xaml/presentation"&gt;#FF800000&lt;/SolidColorBrush&gt;</Tpo47>
          <Tpo48>&lt;SolidColorBrush xmlns="http://schemas.microsoft.com/winfx/2006/xaml/presentation"&gt;#FF800000&lt;/SolidColorBrush&gt;</Tpo48>
        </OrderFlowVolumeProfile>
        <Input>
          <PriceType>Close</PriceType>
        </Input>
      </Indicator>
      <Indicator BarsIndex="0" Instrument="MNQ 12-23 Globex" Name="NinjaTrader.NinjaScript.Indicators.ninZaBarStatus" Panel="-1" DisplayName="ninZaBarStatus">
        <ninZaBarStatus xmlns:xsd="http://www.w3.org/2001/XMLSchema" xmlns:xsi="http://www.w3.org/2001/XMLSchema-instance">
          <IsVisible>true</IsVisible>
          <AreLinesConfigurable>true</AreLinesConfigurable>
          <ArePlotsConfigurable>true</ArePlotsConfigurable>
          <BarsPeriodSerializable>
            <BarsPeriodTypeSerialize>12345</BarsPeriodTypeSerialize>
            <BaseBarsPeriodType>Minute</BaseBarsPeriodType>
            <BaseBarsPeriodValue>1</BaseBarsPeriodValue>
            <VolumetricDeltaType>BidAsk</VolumetricDeltaType>
            <MarketDataType>Last</MarketDataType>
            <PointAndFigurePriceType>Close</PointAndFigurePriceType>
            <ReversalType>Tick</ReversalType>
            <Value>13</Value>
            <Value2>2</Value2>
          </BarsPeriodSerializable>
          <BarsToLoad>0</BarsToLoad>
          <DisplayInDataBox>true</DisplayInDataBox>
          <From>2023-12-03T00:00:00</From>
          <Panel>-1</Panel>
          <ScaleJustification>Right</ScaleJustification>
          <ShowTransparentPlotsInDataBox>false</ShowTransparentPlotsInDataBox>
          <To>2023-12-05T00:00:00</To>
          <Calculate>OnEachTick</Calculate>
          <Displacement>0</Displacement>
          <IsAutoScale>false</IsAutoScale>
          <IsDataSeriesRequired>true</IsDataSeriesRequired>
          <IsOverlay>true</IsOverlay>
          <Lines />
          <MaximumBarsLookBack>TwoHundredFiftySix</MaximumBarsLookBack>
          <Name />
          <Plots>
            <Plot>
              <IsOpacityVisible>false</IsOpacityVisible>
              <BrushSerialize>&lt;SolidColorBrush xmlns="http://schemas.microsoft.com/winfx/2006/xaml/presentation"&gt;#00FFFFFF&lt;/SolidColorBrush&gt;</BrushSerialize>
              <DashStyleHelper>Solid</DashStyleHelper>
              <Opacity>100</Opacity>
              <Width>1</Width>
              <AutoWidth>false</AutoWidth>
              <Max>1.7976931348623157E+308</Max>
              <Min>-1.7976931348623157E+308</Min>
              <Name>Upper Bound</Name>
              <PlotStyle>Line</PlotStyle>
            </Plot>
            <Plot>
              <IsOpacityVisible>false</IsOpacityVisible>
              <BrushSerialize>&lt;SolidColorBrush xmlns="http://schemas.microsoft.com/winfx/2006/xaml/presentation"&gt;#00FFFFFF&lt;/SolidColorBrush&gt;</BrushSerialize>
              <DashStyleHelper>Solid</DashStyleHelper>
              <Opacity>100</Opacity>
              <Width>1</Width>
              <AutoWidth>false</AutoWidth>
              <Max>1.7976931348623157E+308</Max>
              <Min>-1.7976931348623157E+308</Min>
              <Name>Lower Bound</Name>
              <PlotStyle>Line</PlotStyle>
            </Plot>
          </Plots>
          <SelectedValueSeries>0</SelectedValueSeries>
          <InputPlot>0</InputPlot>
          <IsTradingHoursBreakLineVisible>true</IsTradingHoursBreakLineVisible>
          <DrawHorizontalGridLines>true</DrawHorizontalGridLines>
          <DrawVerticalGridLines>true</DrawVerticalGridLines>
          <DrawOnPricePanel>true</DrawOnPricePanel>
          <PaintPriceMarkers>true</PaintPriceMarkers>
          <ChartHashCodeDeserialized>0</ChartHashCodeDeserialized>
          <IndicatorId>103</IndicatorId>
          <InstrumentDeserialized>MNQ 12-23 Globex</InstrumentDeserialized>
          <MaxSerialized>0</MaxSerialized>
          <MinSerialized>0</MinSerialized>
          <ZOrder>0</ZOrder>
          <LogoEnabled>false</LogoEnabled>
          <InstructionEnabled>false</InstructionEnabled>
          <CountMode>CountUp</CountMode>
          <InteractiveClickEnabled>true</InteractiveClickEnabled>
          <TextScale>100</TextScale>
          <MasterBrushSerialize>&lt;SolidColorBrush xmlns="http://schemas.microsoft.com/winfx/2006/xaml/presentation"&gt;#FF1E90FF&lt;/SolidColorBrush&gt;</MasterBrushSerialize>
          <PositionAlignment>Bottom</PositionAlignment>
          <PositionMarginX>20</PositionMarginX>
          <PositionMarginY>20</PositionMarginY>
          <InfoTextEnabled>true</InfoTextEnabled>
          <InfoTextFont>
            <Bold>false</Bold>
            <FamilySerialize>Arial</FamilySerialize>
            <Italic>false</Italic>
            <Size>14</Size>
          </InfoTextFont>
          <InfoTextPadding>15</InfoTextPadding>
          <ProgressBarEnabled>true</ProgressBarEnabled>
          <ProgressBarWidth>120</ProgressBarWidth>
          <ProgressBarHeight>8</ProgressBarHeight>
          <ProgressBarBorder>2</ProgressBarBorder>
          <SymbolSize>6</SymbolSize>
          <RangeRenkoUpper>
            <IsOpacityVisible>true</IsOpacityVisible>
            <BrushSerialize>&lt;SolidColorBrush xmlns="http://schemas.microsoft.com/winfx/2006/xaml/presentation"&gt;#FF008000&lt;/SolidColorBrush&gt;</BrushSerialize>
            <DashStyleHelper>Dot</DashStyleHelper>
            <Opacity>100</Opacity>
            <Width>2</Width>
          </RangeRenkoUpper>
          <RangeRenkoLower>
            <IsOpacityVisible>true</IsOpacityVisible>
            <BrushSerialize>&lt;SolidColorBrush xmlns="http://schemas.microsoft.com/winfx/2006/xaml/presentation"&gt;#FFDC143C&lt;/SolidColorBrush&gt;</BrushSerialize>
            <DashStyleHelper>Dot</DashStyleHelper>
            <Opacity>100</Opacity>
            <Width>2</Width>
          </RangeRenkoLower>
          <RangeRenkoLineWidth>200</RangeRenkoLineWidth>
          <RangeRenkoLabelEnabled>true</RangeRenkoLabelEnabled>
          <RangeRenkoLabelTextFont>
            <Bold>false</Bold>
            <FamilySerialize>Arial</FamilySerialize>
            <Italic>false</Italic>
            <Size>13</Size>
          </RangeRenkoLabelTextFont>
          <RangeRenkoLabelTextBrushSerialize>&lt;SolidColorBrush xmlns="http://schemas.microsoft.com/winfx/2006/xaml/presentation"&gt;#FFFFFF00&lt;/SolidColorBrush&gt;</RangeRenkoLabelTextBrushSerialize>
          <GradientEnabled>true</GradientEnabled>
          <GradientXHighSerialize>&lt;SolidColorBrush xmlns="http://schemas.microsoft.com/winfx/2006/xaml/presentation"&gt;#FFDC143C&lt;/SolidColorBrush&gt;</GradientXHighSerialize>
          <GradientHighSerialize>&lt;SolidColorBrush xmlns="http://schemas.microsoft.com/winfx/2006/xaml/presentation"&gt;#FFFF4500&lt;/SolidColorBrush&gt;</GradientHighSerialize>
          <GradientMiddleSerialize>&lt;SolidColorBrush xmlns="http://schemas.microsoft.com/winfx/2006/xaml/presentation"&gt;#FFFFA500&lt;/SolidColorBrush&gt;</GradientMiddleSerialize>
          <GradientLowSerialize>&lt;SolidColorBrush xmlns="http://schemas.microsoft.com/winfx/2006/xaml/presentation"&gt;#FF008000&lt;/SolidColorBrush&gt;</GradientLowSerialize>
          <GradientXLowSerialize>&lt;SolidColorBrush xmlns="http://schemas.microsoft.com/winfx/2006/xaml/presentation"&gt;#FF32CD32&lt;/SolidColorBrush&gt;</GradientXLowSerialize>
        </ninZaBarStatus>
        <Input>
          <PriceType>Close</PriceType>
        </Input>
      </Indicator>
      <Indicator BarsIndex="0" Instrument="MNQ 12-23 Globex" Name="NinjaTrader.NinjaScript.Indicators.AOM_Trading.aomMarketStrAndBBWaves" Panel="-1" DisplayName="aomMarketStrAndBBWaves(False,False,False,False,True,False,False,13)">
        <aomMarketStrAndBBWaves xmlns:xsd="http://www.w3.org/2001/XMLSchema" xmlns:xsi="http://www.w3.org/2001/XMLSchema-instance">
          <IsVisible>true</IsVisible>
          <AreLinesConfigurable>true</AreLinesConfigurable>
          <ArePlotsConfigurable>true</ArePlotsConfigurable>
          <BarsPeriodSerializable>
            <BarsPeriodTypeSerialize>12345</BarsPeriodTypeSerialize>
            <BaseBarsPeriodType>Minute</BaseBarsPeriodType>
            <BaseBarsPeriodValue>1</BaseBarsPeriodValue>
            <VolumetricDeltaType>BidAsk</VolumetricDeltaType>
            <MarketDataType>Last</MarketDataType>
            <PointAndFigurePriceType>Close</PointAndFigurePriceType>
            <ReversalType>Tick</ReversalType>
            <Value>13</Value>
            <Value2>2</Value2>
          </BarsPeriodSerializable>
          <BarsToLoad>0</BarsToLoad>
          <DisplayInDataBox>true</DisplayInDataBox>
          <From>2023-12-03T00:00:00</From>
          <Panel>-1</Panel>
          <ScaleJustification>Right</ScaleJustification>
          <ShowTransparentPlotsInDataBox>false</ShowTransparentPlotsInDataBox>
          <To>2023-12-05T00:00:00</To>
          <Calculate>OnBarClose</Calculate>
          <Displacement>0</Displacement>
          <IsAutoScale>true</IsAutoScale>
          <IsDataSeriesRequired>true</IsDataSeriesRequired>
          <IsOverlay>true</IsOverlay>
          <Lines />
          <MaximumBarsLookBack>TwoHundredFiftySix</MaximumBarsLookBack>
          <Name />
          <Plots />
          <SelectedValueSeries>0</SelectedValueSeries>
          <InputPlot>0</InputPlot>
          <IsTradingHoursBreakLineVisible>true</IsTradingHoursBreakLineVisible>
          <DrawHorizontalGridLines>true</DrawHorizontalGridLines>
          <DrawVerticalGridLines>true</DrawVerticalGridLines>
          <DrawOnPricePanel>true</DrawOnPricePanel>
          <PaintPriceMarkers>true</PaintPriceMarkers>
          <ChartHashCodeDeserialized>0</ChartHashCodeDeserialized>
          <IndicatorId>106</IndicatorId>
          <InstrumentDeserialized>MNQ 12-23 Globex</InstrumentDeserialized>
          <MaxSerialized>0</MaxSerialized>
          <MinSerialized>0</MinSerialized>
          <ZOrder>32530</ZOrder>
          <iSwingStrength>13</iSwingStrength>
          <enBarCounting>false</enBarCounting>
          <enSwingCounting>false</enSwingCounting>
          <enSwingVisibility>true</enSwingVisibility>
          <enWaveVisibility>false</enWaveVisibility>
          <enSupportResistanceVisibility>false</enSupportResistanceVisibility>
          <enTouchedLine>false</enTouchedLine>
          <enBrokenLine>false</enBrokenLine>
        </aomMarketStrAndBBWaves>
        <Input>
          <PriceType>Close</PriceType>
        </Input>
      </Indicator>
      <Indicator BarsIndex="0" Instrument="MNQ 12-23 Globex" Name="NinjaTrader.NinjaScript.Indicators.AOM_Trading.aomManualStrategy" Panel="-1" DisplayName="aomManualStrategy(False,Alert3.wav,5,#FF000000,2,True,True,False,True,False,True,False,False,False,True,False,True,True,True,True,True,True,True,True,True,False,True,False,False,False,True,False,False,0,50,60,60,CANDLE,13,LIMIT,Zone Touched.wav,#FFFFA500,Zone Touched.wav,#FFFFA500,Alert4.wav,False,#FF0000FF,#FFA0522D)">
        <aomManualStrategy xmlns:xsd="http://www.w3.org/2001/XMLSchema" xmlns:xsi="http://www.w3.org/2001/XMLSchema-instance">
          <IsVisible>true</IsVisible>
          <AreLinesConfigurable>true</AreLinesConfigurable>
          <ArePlotsConfigurable>true</ArePlotsConfigurable>
          <BarsPeriodSerializable>
            <BarsPeriodTypeSerialize>12345</BarsPeriodTypeSerialize>
            <BaseBarsPeriodType>Minute</BaseBarsPeriodType>
            <BaseBarsPeriodValue>1</BaseBarsPeriodValue>
            <VolumetricDeltaType>BidAsk</VolumetricDeltaType>
            <MarketDataType>Last</MarketDataType>
            <PointAndFigurePriceType>Close</PointAndFigurePriceType>
            <ReversalType>Tick</ReversalType>
            <Value>13</Value>
            <Value2>2</Value2>
          </BarsPeriodSerializable>
          <BarsToLoad>0</BarsToLoad>
          <DisplayInDataBox>true</DisplayInDataBox>
          <From>2023-12-03T00:00:00</From>
          <Panel>-1</Panel>
          <ScaleJustification>Right</ScaleJustification>
          <ShowTransparentPlotsInDataBox>false</ShowTransparentPlotsInDataBox>
          <To>2023-12-05T00:00:00</To>
          <Calculate>OnBarClose</Calculate>
          <Displacement>0</Displacement>
          <IsAutoScale>false</IsAutoScale>
          <IsDataSeriesRequired>true</IsDataSeriesRequired>
          <IsOverlay>true</IsOverlay>
          <Lines />
          <MaximumBarsLookBack>TwoHundredFiftySix</MaximumBarsLookBack>
          <Name />
          <Plots />
          <SelectedValueSeries>0</SelectedValueSeries>
          <InputPlot>0</InputPlot>
          <IsTradingHoursBreakLineVisible>true</IsTradingHoursBreakLineVisible>
          <DrawHorizontalGridLines>true</DrawHorizontalGridLines>
          <DrawVerticalGridLines>true</DrawVerticalGridLines>
          <DrawOnPricePanel>true</DrawOnPricePanel>
          <PaintPriceMarkers>true</PaintPriceMarkers>
          <ChartHashCodeDeserialized>0</ChartHashCodeDeserialized>
          <IndicatorId>109</IndicatorId>
          <InstrumentDeserialized>MNQ 12-23 Globex</InstrumentDeserialized>
          <MaxSerialized>0</MaxSerialized>
          <MinSerialized>0</MinSerialized>
          <ZOrder>1</ZOrder>
          <CDZStart>2023-12-05T10:10:03.487</CDZStart>
          <CSZStart>2023-12-05T10:11:26.994</CSZStart>
          <CDZType>Conservative</CDZType>
          <CSZType>Conservative</CSZType>
          <DL>15865.25</DL>
          <DH>15871.75</DH>
          <SL>15869.75</SL>
          <SH>15876</SH>
          <DST>2023-12-05T10:10:03.487</DST>
          <SST>2023-12-05T10:11:26.994</SST>
          <ODL>15865.25</ODL>
          <ODH>15871.75</ODH>
          <OSL>15869.75</OSL>
          <OSH>15876</OSH>
          <ODST>2023-12-05T10:10:03.487</ODST>
          <OSST>2023-12-05T10:11:26.994</OSST>
          <Signal0>0</Signal0>
          <Trigger0>0</Trigger0>
          <ltTrendStrength>13</ltTrendStrength>
          <iZoneWidth>CANDLE</iZoneWidth>
          <enAdjRC>true</enAdjRC>
          <enAdjCZ>true</enAdjCZ>
          <enAdjAZ>true</enAdjAZ>
          <enAdjStructOut>false</enAdjStructOut>
          <enAdjDebug>false</enAdjDebug>
          <enFreshDemandZones>true</enFreshDemandZones>
          <enTouchedDemandZones>false</enTouchedDemandZones>
          <enBrokenDemandZones>false</enBrokenDemandZones>
          <enHighlightSelectedDemandZone>true</enHighlightSelectedDemandZone>
          <enGlobalDZ>true</enGlobalDZ>
          <SelectedDZColorSerialize>&lt;SolidColorBrush xmlns="http://schemas.microsoft.com/winfx/2006/xaml/presentation"&gt;#FFFFA500&lt;/SolidColorBrush&gt;</SelectedDZColorSerialize>
          <iSelectedDZOpacity>60</iSelectedDZOpacity>
          <enFreshSupplyZones>true</enFreshSupplyZones>
          <enTouchedSupplyZones>false</enTouchedSupplyZones>
          <enBrokenSupplyZones>false</enBrokenSupplyZones>
          <enHighlightSelectedSupplyZone>true</enHighlightSelectedSupplyZone>
          <enGlobalSZ>true</enGlobalSZ>
          <SelectedSZColorSerialize>&lt;SolidColorBrush xmlns="http://schemas.microsoft.com/winfx/2006/xaml/presentation"&gt;#FFFFA500&lt;/SolidColorBrush&gt;</SelectedSZColorSerialize>
          <iSelectedSZOpacity>60</iSelectedSZOpacity>
          <enAgressiveZones>false</enAgressiveZones>
          <enConservativeZones>true</enConservativeZones>
          <enCurrent>CONSERVATIVE</enCurrent>
          <enGlobalCurrent>false</enGlobalCurrent>
          <CurrentBorderColorSerialize>&lt;SolidColorBrush xmlns="http://schemas.microsoft.com/winfx/2006/xaml/presentation"&gt;#FF000000&lt;/SolidColorBrush&gt;</CurrentBorderColorSerialize>
          <SoundAlertsOn>false</SoundAlertsOn>
          <SelectedDemandZoneTouched>Zone Touched.wav</SelectedDemandZoneTouched>
          <SelectedSupplyZoneTouched>Zone Touched.wav</SelectedSupplyZoneTouched>
          <enStockScanner>false</enStockScanner>
          <enDebug>false</enDebug>
          <enNotify>true</enNotify>
          <dblMinRR>2</dblMinRR>
          <enTrendContinuation>false</enTrendContinuation>
          <enTrendReversal>true</enTrendReversal>
          <enNoiseState>false</enNoiseState>
          <enGlobalTL>true</enGlobalTL>
          <intTLOffset>50</intTLOffset>
          <TLSColorSerialize>&lt;SolidColorBrush xmlns="http://schemas.microsoft.com/winfx/2006/xaml/presentation"&gt;#FFA0522D&lt;/SolidColorBrush&gt;</TLSColorSerialize>
          <TLLColorSerialize>&lt;SolidColorBrush xmlns="http://schemas.microsoft.com/winfx/2006/xaml/presentation"&gt;#FF0000FF&lt;/SolidColorBrush&gt;</TLLColorSerialize>
          <enADP>true</enADP>
          <enSoM>false</enSoM>
          <enShortTrade>true</enShortTrade>
          <enLongTrade>true</enLongTrade>
          <enRBRDBDState>false</enRBRDBDState>
          <enTL>true</enTL>
          <enSZ>false</enSZ>
          <AlertsOn>false</AlertsOn>
          <BuySoundAlert>Alert3.wav</BuySoundAlert>
          <SellSoundAlert>Alert4.wav</SellSoundAlert>
          <AtmStrategy>MNQ_5_80</AtmStrategy>
          <contractSize>5</contractSize>
          <entryOffset>0</entryOffset>
        </aomManualStrategy>
        <Input>
          <PriceType>Close</PriceType>
        </Input>
      </Indicator>
    </Indicators>
    <CrosshairType>Local</CrosshairType>
    <StayInDrawMode>True</StayInDrawMode>
    <Properties>
      <ChartControlProperties xmlns:xsd="http://www.w3.org/2001/XMLSchema" xmlns:xsi="http://www.w3.org/2001/XMLSchema-instance">
        <AlwaysOnTop>false</AlwaysOnTop>
        <AreTabsVisible>true</AreTabsVisible>
        <AllowSelectionDragging>true</AllowSelectionDragging>
        <EquidistantBarSpacing>true</EquidistantBarSpacing>
        <LabelFont>
          <Bold>false</Bold>
          <FamilySerialize>Arial</FamilySerialize>
          <Italic>false</Italic>
          <Size>11</Size>
        </LabelFont>
        <BarDistance>1</BarDistance>
        <BarMarginRightUser>150</BarMarginRightUser>
        <ChartTraderVisibility>Visible</ChartTraderVisibility>
        <ShowDateRange>true</ShowDateRange>
        <ShowScrollBar>true</ShowScrollBar>
        <SnapMode>Price</SnapMode>
        <TabName>@INSTRUMENT_FULL @PERIOD_ALL@ETF&lt;@ATM&gt;</TabName>
        <LoadBackgroundImage>false</LoadBackgroundImage>
        <BackgroundImageStretch>Fill</BackgroundImageStretch>
        <ChartBackgroundSerialize>&lt;SolidColorBrush xmlns="http://schemas.microsoft.com/winfx/2006/xaml/presentation"&gt;#FFF5F5F5&lt;/SolidColorBrush&gt;</ChartBackgroundSerialize>
        <ChartTextSerialize>DEFAULT</ChartTextSerialize>
        <CrosshairLabelBackgroundSerialize>&lt;SolidColorBrush xmlns="http://schemas.microsoft.com/winfx/2006/xaml/presentation"&gt;#FFB22222&lt;/SolidColorBrush&gt;</CrosshairLabelBackgroundSerialize>
        <InactivePriceMarkersBrushSerialize>DEFAULT</InactivePriceMarkersBrushSerialize>
        <AreHGridLinesVisible>false</AreHGridLinesVisible>
        <AreVGridLinesVisible>false</AreVGridLinesVisible>
        <AxisPenSerialize>DEFAULT</AxisPenSerialize>
        <CrosshairPen>&lt;Pen Brush="#FF000000" Thickness="1" xmlns="http://schemas.microsoft.com/winfx/2006/xaml/presentation"&gt;
  &lt;Pen.DashStyle&gt;
    &lt;DashStyle Offset="1" Dashes="2 2" /&gt;
  &lt;/Pen.DashStyle&gt;
&lt;/Pen&gt;</CrosshairPen>
        <CrosshairIsLocked>false</CrosshairIsLocked>
        <CrosshairCrosshairType>Local</CrosshairCrosshairType>
        <CrosshairDrawCursorOnly>false</CrosshairDrawCursorOnly>
        <GridLineHPenSerialize>DEFAULT</GridLineHPenSerialize>
        <GridLineVPenSerialize>DEFAULT</GridLineVPenSerialize>
        <PanelSplitterPenSerialize>DEFAULT</PanelSplitterPenSerialize>
      </ChartControlProperties>
    </Properties>
    <ChartPanels>
      <ChartPanel>
        <Height>939</Height>
        <HoldChartTraderOrders>false</HoldChartTraderOrders>
        <IsMaximized>false</IsMaximized>
        <Right>
          <ChartScaleProperties xmlns:xsd="http://www.w3.org/2001/XMLSchema" xmlns:xsi="http://www.w3.org/2001/XMLSchema-instance">
            <YAxisRangeType>Fixed</YAxisRangeType>
            <AutoScaleDateRangeType>ScreenDateRange</AutoScaleDateRangeType>
            <HorizontalGridlinesCalculation>Automatic</HorizontalGridlinesCalculation>
            <HorizontalGridlinesIntervalType>Points</HorizontalGridlinesIntervalType>
            <HorizontalGridlinesInterval>0</HorizontalGridlinesInterval>
            <AutoScaleMarginType>Percent</AutoScaleMarginType>
            <AutoScaleMarginLower>6</AutoScaleMarginLower>
            <AutoScaleMarginUpper>6</AutoScaleMarginUpper>
            <YAxisScalingType>Linear</YAxisScalingType>
            <FixedScaleMaxSerialize>15962.545020295534</FixedScaleMaxSerialize>
            <FixedScaleMinSerialize>15831.454979704466</FixedScaleMinSerialize>
          </ChartScaleProperties>
        </Right>
        <Left>
          <ChartScaleProperties xmlns:xsd="http://www.w3.org/2001/XMLSchema" xmlns:xsi="http://www.w3.org/2001/XMLSchema-instance">
            <YAxisRangeType>Automatic</YAxisRangeType>
            <AutoScaleDateRangeType>ScreenDateRange</AutoScaleDateRangeType>
            <HorizontalGridlinesCalculation>Automatic</HorizontalGridlinesCalculation>
            <HorizontalGridlinesIntervalType>Points</HorizontalGridlinesIntervalType>
            <HorizontalGridlinesInterval>0</HorizontalGridlinesInterval>
            <AutoScaleMarginType>Percent</AutoScaleMarginType>
            <AutoScaleMarginLower>6</AutoScaleMarginLower>
            <AutoScaleMarginUpper>6</AutoScaleMarginUpper>
            <YAxisScalingType>Linear</YAxisScalingType>
            <FixedScaleMaxSerialize>12259.12635179153</FixedScaleMaxSerialize>
            <FixedScaleMinSerialize>12083.846351791532</FixedScaleMinSerialize>
          </ChartScaleProperties>
        </Left>
        <Overlay>
          <ChartScaleProperties xmlns:xsd="http://www.w3.org/2001/XMLSchema" xmlns:xsi="http://www.w3.org/2001/XMLSchema-instance">
            <YAxisRangeType>Automatic</YAxisRangeType>
            <AutoScaleDateRangeType>ScreenDateRange</AutoScaleDateRangeType>
            <HorizontalGridlinesCalculation>Automatic</HorizontalGridlinesCalculation>
            <HorizontalGridlinesIntervalType>Points</HorizontalGridlinesIntervalType>
            <HorizontalGridlinesInterval>0</HorizontalGridlinesInterval>
            <AutoScaleMarginType>Percent</AutoScaleMarginType>
            <AutoScaleMarginLower>6</AutoScaleMarginLower>
            <AutoScaleMarginUpper>6</AutoScaleMarginUpper>
            <YAxisScalingType>Linear</YAxisScalingType>
            <FixedScaleMaxSerialize>0</FixedScaleMaxSerialize>
            <FixedScaleMinSerialize>0</FixedScaleMinSerialize>
          </ChartScaleProperties>
        </Overlay>
      </ChartPanel>
    </ChartPanels>
    <ChartAlerts />
  </NTTabPage>
  <ChartTrader>
    <Properties>
      <ChartTraderProperties xmlns:xsd="http://www.w3.org/2001/XMLSchema" xmlns:xsi="http://www.w3.org/2001/XMLSchema-instance">
        <AtmStrategySelectionMode>SelectActiveAtmStrategyOnOrderSubmission</AtmStrategySelectionMode>
        <AutoScale>true</AutoScale>
        <OrderDisplayBarLength>25</OrderDisplayBarLength>
        <PnLDisplayUnit>Currency</PnLDisplayUnit>
        <QuantityModificationForStocks>IncreaseQuantity</QuantityModificationForStocks>
        <ScaleQuantity>0</ScaleQuantity>
        <ShowRealizedPnLWhenFlat>true</ShowRealizedPnLWhenFlat>
        <SimulatedOrderVolumeTrigger>0</SimulatedOrderVolumeTrigger>
        <StopLimitOffsetEnabled>false</StopLimitOffsetEnabled>
        <StopLimitOffsetValue>0</StopLimitOffsetValue>
        <ActionButtonsBackgroundSerialize>DEFAULT</ActionButtonsBackgroundSerialize>
        <BuyButtonsBackgroundSerialize>DEFAULT</BuyButtonsBackgroundSerialize>
        <SellButtonsBackgroundSerialize>DEFAULT</SellButtonsBackgroundSerialize>
        <LimitSerialize>&lt;Pen Brush="#FF00FFFF" Thickness="2" xmlns="http://schemas.microsoft.com/winfx/2006/xaml/presentation"&gt;
  &lt;Pen.DashStyle&gt;
    &lt;DashStyle /&gt;
  &lt;/Pen.DashStyle&gt;
&lt;/Pen&gt;</LimitSerialize>
        <MitSerialize>&lt;Pen Brush="#FF00FF7F" Thickness="2" xmlns="http://schemas.microsoft.com/winfx/2006/xaml/presentation"&gt;
  &lt;Pen.DashStyle&gt;
    &lt;DashStyle /&gt;
  &lt;/Pen.DashStyle&gt;
&lt;/Pen&gt;</MitSerialize>
        <PositionEntryPriceSerialize>&lt;Pen Brush="#FFDEB887" Thickness="2" xmlns="http://schemas.microsoft.com/winfx/2006/xaml/presentation"&gt;
  &lt;Pen.DashStyle&gt;
    &lt;DashStyle /&gt;
  &lt;/Pen.DashStyle&gt;
&lt;/Pen&gt;</PositionEntryPriceSerialize>
        <ProfitTargetSerialize>&lt;Pen Brush="#FF00FF00" Thickness="2" xmlns="http://schemas.microsoft.com/winfx/2006/xaml/presentation"&gt;
  &lt;Pen.DashStyle&gt;
    &lt;DashStyle /&gt;
  &lt;/Pen.DashStyle&gt;
&lt;/Pen&gt;</ProfitTargetSerialize>
        <StopLimitSerialize>&lt;Pen Brush="#FFEE82EE" Thickness="2" xmlns="http://schemas.microsoft.com/winfx/2006/xaml/presentation"&gt;
  &lt;Pen.DashStyle&gt;
    &lt;DashStyle /&gt;
  &lt;/Pen.DashStyle&gt;
&lt;/Pen&gt;</StopLimitSerialize>
        <StopLossSerialize>&lt;Pen Brush="#FFFF0000" Thickness="2" xmlns="http://schemas.microsoft.com/winfx/2006/xaml/presentation"&gt;
  &lt;Pen.DashStyle&gt;
    &lt;DashStyle /&gt;
  &lt;/Pen.DashStyle&gt;
&lt;/Pen&gt;</StopLossSerialize>
        <StopMarketSerialize>&lt;Pen Brush="#FFFFC0CB" Thickness="2" xmlns="http://schemas.microsoft.com/winfx/2006/xaml/presentation"&gt;
  &lt;Pen.DashStyle&gt;
    &lt;DashStyle /&gt;
  &lt;/Pen.DashStyle&gt;
&lt;/Pen&gt;</StopMarketSerialize>
      </ChartTraderProperties>
    </Properties>
    <Account>Sim101</Account>
    <ATM>MNQ_5_80</ATM>
    <Instrument>MNQ 12-23</Instrument>
    <Quantity>5</Quantity>
    <TIF>Gtc</TIF>
  </ChartTrader>
</NinjaTrader>